customer_id,gender,senior_citizen,partner,dependents,tenure,phone_service,multiple_lines,internet_service,online_security,online_backup,device_protection,tech_support,streaming_tv,streaming_movies,contract,paperless_billing,payment_method,monthly_charges,total_charges,churn
2824-AXIHH,Female,0,Yes,No,52,Yes,Yes,Fiber optic,No,Yes,No,Yes,No internet service,No internet service,One year,Yes,Electronic check,56.38,2876.3,Yes
3286-XDVXR,Male,0,Yes,No,15,Yes,Yes,No,No,No,Yes,No internet service,No internet service,No,Month-to-month,No,Mailed check,26.52,373.78,Yes
2424-SNBAC,Male,0,Yes,No,72,Yes,No,Fiber optic,No,No internet service,Yes,Yes,No,No internet service,Month-to-month,Yes,Bank transfer,97.27,6583.78,Yes
4582-HQTAR,Male,0,No,Yes,61,Yes,Yes,Fiber optic,Yes,No,No,No,Yes,No,Month-to-month,No,Credit card,74.96,4342.81,No
4257-WUWRN,Female,0,Yes,No,21,Yes,Yes,DSL,Yes,No,Yes,No internet service,Yes,No,Month-to-month,Yes,Mailed check,61.27,1127.52,Yes
4611-OSIZA,Male,0,No,Yes,24,Yes,No,Fiber optic,No internet service,No internet service,No,No,No,Yes,Month-to-month,Yes,Bank transfer,110.45,2616.77,Yes
3615-WNKIE,Female,0,No,No,3,Yes,No,Fiber optic,No,No,Yes,No,No internet service,No internet service,One year,No,Mailed check,29.34,80.35,No
4527-YKDCM,Male,0,No,No,22,Yes,Yes,DSL,Yes,No internet service,No internet service,No,Yes,No,Two year,Yes,Bank transfer,68.25,1362.57,No
2584-LLTIZ,Male,0,Yes,No,53,Yes,Yes,DSL,No internet service,No internet service,No internet service,No,No,No,One year,No,Mailed check,19.16,942.2,No
1711-XORDM,Female,0,No,No,2,Yes,No,DSL,No,No,No internet service,No,No,No internet service,One year,Yes,Bank transfer,65.8,112.79,No
2291-RJUTL,Male,0,No,No,30,Yes,No,DSL,Yes,No internet service,No internet service,Yes,Yes,No,Month-to-month,No,Mailed check,23.74,623.13,Yes
4150-WCBVH,Male,0,No,No,38,Yes,No,DSL,No,No,No internet service,No internet service,Yes,No internet service,Month-to-month,No,Bank transfer,30.12,1099.58,No
5741-CHDMI,Female,0,No,No,2,Yes,No,Fiber optic,No,No internet service,No,Yes,No internet service,Yes,Month-to-month,Yes,Mailed check,29.99,51.73,Yes
8428-ULFLL,Male,0,No,Yes,64,Yes,No,No,Yes,Yes,No internet service,Yes,No internet service,No,One year,No,Credit card,84.22,5069.22,No
4432-VIWVU,Male,0,Yes,No,60,Yes,No,Fiber optic,Yes,No internet service,No internet service,Yes,Yes,No,Two year,Yes,Credit card,94.1,5006.89,No
2169-TUFRX,Male,1,No,No,21,Yes,No,DSL,Yes,No internet service,No internet service,No,No internet service,No internet service,One year,No,Electronic check,77.5,1478.41,No
5010-FOMIU,Male,1,No,No,33,Yes,Yes,DSL,No,No,No internet service,Yes,No,No internet service,Month-to-month,No,Bank transfer,116.14,3423.7,Yes
4598-VKYYB,Female,0,Yes,No,58,Yes,No,Fiber optic,No,No internet service,Yes,No internet service,No internet service,No internet service,Month-to-month,No,Mailed check,56.24,2946.66,No
4752-BZKMI,Male,0,No,No,22,Yes,No,Fiber optic,No internet service,Yes,No internet service,Yes,No internet service,No internet service,One year,No,Bank transfer,47.14,993.37,Yes
2084-GSWKG,Female,0,Yes,Yes,49,Yes,Yes,No,No,Yes,No internet service,No,No,No,Month-to-month,Yes,Credit card,106.6,4672.69,No
9179-MUOEI,Male,0,No,No,59,Yes,No,Fiber optic,Yes,No internet service,No,No internet service,No internet service,Yes,Two year,No,Bank transfer,40.81,2251.19,No
3287-HXRRI,Female,0,Yes,Yes,42,Yes,No,Fiber optic,No,No internet service,Yes,No internet service,No,Yes,Two year,No,Mailed check,116.25,4498.77,No
8019-SMLHE,Male,0,Yes,Yes,60,Yes,Yes,DSL,No internet service,Yes,No,No internet service,No internet service,Yes,One year,Yes,Bank transfer,19.24,1096.16,No
9348-PCYBD,Female,0,No,Yes,15,Yes,No,Fiber optic,No internet service,No,No internet service,No internet service,Yes,Yes,Month-to-month,Yes,Mailed check,116.93,1737.33,Yes
3504-UFZVN,Male,0,No,No,62,Yes,Yes,DSL,Yes,Yes,No,Yes,No internet service,No internet service,Month-to-month,Yes,Credit card,22.4,1333.09,No
2040-MMTOQ,Female,0,No,No,62,Yes,Yes,No,Yes,Yes,No,No,Yes,No,Month-to-month,Yes,Credit card,108.9,5956.72,Yes
5119-RAVXD,Female,1,Yes,Yes,47,Yes,Yes,Fiber optic,No internet service,No internet service,No internet service,No internet service,Yes,No,Month-to-month,Yes,Credit card,71.83,2885.4,No
9797-YIYUK,Male,0,Yes,No,62,Yes,Yes,DSL,No internet service,No internet service,Yes,No internet service,Yes,No,Month-to-month,Yes,Electronic check,119.28,6576.99,No
2827-JNFOA,Female,1,Yes,No,51,Yes,No,DSL,No internet service,Yes,Yes,No,Yes,No internet service,One year,No,Credit card,25.53,1222.95,No
5315-QYFQD,Male,1,No,Yes,55,Yes,Yes,DSL,Yes,No,No,Yes,Yes,No,One year,Yes,Bank transfer,74.49,3514.01,No
5889-UQTGE,Male,0,Yes,No,64,Yes,Yes,Fiber optic,No internet service,Yes,No internet service,No internet service,No,No internet service,Month-to-month,No,Electronic check,116.87,6914.63,Yes
7126-YFRYQ,Male,0,Yes,No,3,Yes,No,DSL,No internet service,Yes,No,Yes,No,No,Month-to-month,Yes,Credit card,71.36,201.13,Yes
1009-TKPAD,Male,0,No,No,51,Yes,Yes,Fiber optic,Yes,No,No,Yes,No,Yes,Month-to-month,No,Bank transfer,82.2,3773.55,No
6947-ZJHBH,Male,0,Yes,No,7,Yes,Yes,DSL,No,Yes,No,Yes,Yes,No internet service,Month-to-month,No,Bank transfer,88.97,601.39,Yes
2290-CXPCY,Female,1,Yes,No,21,No,No phone service,Fiber optic,No,Yes,No internet service,Yes,No internet service,No,Two year,No,Bank transfer,64.36,1170.44,No
9727-YEEVP,Male,0,No,No,39,Yes,Yes,No,No internet service,No internet service,No internet service,No internet service,No,Yes,Month-to-month,Yes,Mailed check,82.01,2754.68,No
3705-IQTNG,Male,0,Yes,No,18,No,No phone service,Fiber optic,No,No,Yes,No internet service,No internet service,Yes,Month-to-month,Yes,Electronic check,77.6,1339.85,No
9835-YXWGW,Male,0,No,No,4,Yes,Yes,Fiber optic,No,No internet service,No internet service,Yes,No internet service,Yes,Month-to-month,Yes,Bank transfer,109.92,406.41,Yes
6107-MVULO,Male,0,No,Yes,60,Yes,No,DSL,No,No internet service,No,Yes,Yes,No internet service,Two year,Yes,Mailed check,22.64,1294.91,No
9479-ODHHC,Male,1,No,No,14,Yes,No,DSL,No,No,No,No,Yes,No internet service,One year,No,Credit card,46.66,597.86,No
6539-ASRHS,Male,0,No,No,9,Yes,Yes,Fiber optic,No internet service,No,Yes,No,Yes,No,Month-to-month,Yes,Bank transfer,114.94,917.52,No
4608-ACWUB,Female,0,No,Yes,53,Yes,Yes,Fiber optic,No,Yes,No internet service,No,No,Yes,Month-to-month,No,Mailed check,108.81,5610.45,Yes
4750-CBKCQ,Female,1,Yes,Yes,2,Yes,Yes,Fiber optic,No,No internet service,No,No internet service,Yes,No,One year,No,Bank transfer,64.48,125.08,No
4899-IVPGR,Male,0,Yes,No,60,Yes,Yes,DSL,Yes,No,Yes,No,No,No,Two year,Yes,Electronic check,81.25,4651.75,Yes
3167-XSSPH,Female,0,No,No,71,Yes,No,DSL,No internet service,No internet service,Yes,No internet service,No,Yes,Month-to-month,Yes,Electronic check,46.29,2927.77,Yes
8749-ZNGDD,Male,0,No,No,44,Yes,No,DSL,Yes,No internet service,No,No internet service,No,No,Two year,Yes,Credit card,37.19,1535.78,No
8062-LNNOX,Male,1,Yes,No,8,Yes,No,No,Yes,No,No,No internet service,No,No internet service,Two year,No,Bank transfer,65.3,472.33,No
1887-VUUDB,Male,0,No,Yes,47,No,No phone service,DSL,No internet service,Yes,No internet service,No internet service,Yes,No,Two year,Yes,Mailed check,54.04,2193.79,No
7596-XKZDH,Male,0,No,No,35,Yes,No,Fiber optic,No,No internet service,Yes,No,No,Yes,One year,No,Credit card,77.53,2679.89,Yes
4139-GROEN,Male,0,No,Yes,36,No,No phone service,DSL,Yes,No,No,Yes,Yes,No internet service,One year,Yes,Bank transfer,25.93,812.62,No
4006-IOHCO,Female,1,Yes,No,50,Yes,Yes,Fiber optic,No internet service,Yes,Yes,Yes,Yes,No internet service,Month-to-month,No,Credit card,117.39,5825.69,No
2604-BURAC,Female,0,Yes,No,4,Yes,Yes,DSL,No,No internet service,No internet service,Yes,No,No,One year,Yes,Mailed check,118.59,434.94,No
4872-FNPPG,Female,0,No,No,2,Yes,Yes,No,No internet service,No,No,No,Yes,No,Month-to-month,Yes,Credit card,89.21,156.61,Yes
7570-BFMAM,Female,1,No,No,6,Yes,Yes,No,Yes,No internet service,No internet service,Yes,No internet service,No internet service,One year,No,Credit card,72.68,406.11,No
5345-ZZOJN,Male,0,Yes,No,54,Yes,No,DSL,No,No,Yes,No,Yes,No,Month-to-month,Yes,Credit card,49.57,2625.77,No
8973-EGJGB,Female,0,Yes,No,4,Yes,No,No,No,No,No internet service,No,Yes,Yes,One year,Yes,Bank transfer,101.01,387.81,No
9883-BXKBB,Male,0,No,No,54,Yes,Yes,No,No internet service,No internet service,No internet service,No,No,No,Two year,Yes,Mailed check,87.84,4605.73,No
8811-QQFBQ,Female,0,No,No,63,No,No phone service,No,No,No internet service,Yes,Yes,No,No,Month-to-month,Yes,Electronic check,34.59,2067.63,No
2312-FCTCV,Female,0,Yes,No,18,Yes,Yes,No,Yes,No,No internet service,Yes,Yes,No internet service,Two year,Yes,Bank transfer,110.91,1904.23,No
4853-MDSHS,Female,0,Yes,No,44,Yes,Yes,DSL,Yes,Yes,Yes,Yes,No,No,Month-to-month,Yes,Electronic check,101.9,4382.18,No
1651-TCNVS,Female,0,Yes,No,34,Yes,Yes,Fiber optic,Yes,No internet service,No,No internet service,No internet service,No,Two year,Yes,Electronic check,114.88,3466.31,Yes
9565-KIGVW,Male,0,No,No,62,Yes,No,DSL,No internet service,No,Yes,No,No internet service,No,Month-to-month,No,Bank transfer,92.02,5268.3,Yes
6147-HIMEV,Female,0,Yes,Yes,14,Yes,Yes,DSL,No,No,Yes,No internet service,No,Yes,Month-to-month,No,Bank transfer,80.57,996.21,Yes
5915-OKYCA,Female,0,No,No,48,Yes,Yes,No,No,Yes,No,No,Yes,No,Two year,Yes,Mailed check,60.66,2906.29,No
8508-TSDCR,Male,0,Yes,No,15,Yes,No,DSL,No,Yes,Yes,Yes,No internet service,Yes,Month-to-month,Yes,Mailed check,113.14,1682.86,No
4492-QIELC,Male,0,Yes,Yes,72,Yes,No,Fiber optic,Yes,Yes,No,No,No internet service,Yes,Two year,Yes,Credit card,106.34,6553.29,No
5002-LJFOR,Female,0,Yes,Yes,62,Yes,No,No,No,No internet service,No,No,Yes,Yes,Month-to-month,No,Electronic check,22.61,1339.91,No
5956-TZUQA,Male,1,Yes,Yes,40,Yes,Yes,No,Yes,No,Yes,No internet service,No,Yes,Month-to-month,No,Mailed check,20.69,818.32,Yes
5905-VDEID,Male,0,No,No,53,Yes,Yes,No,No,No,No internet service,No,No internet service,No internet service,Month-to-month,Yes,Credit card,56.4,2621.79,No
2753-XREIJ,Male,0,No,No,24,Yes,No,DSL,Yes,No,No internet service,Yes,Yes,Yes,One year,No,Mailed check,100.68,2259.72,No
4450-WKGVU,Female,0,Yes,No,26,Yes,Yes,DSL,No,Yes,No,No,Yes,No,Month-to-month,Yes,Bank transfer,118.7,3047.08,Yes
5325-QPIBC,Male,1,No,No,60,Yes,No,Fiber optic,No internet service,No,No internet service,No,No internet service,Yes,Month-to-month,Yes,Mailed check,33.34,1710.53,No
7939-IBAKY,Female,1,Yes,No,41,Yes,No,DSL,No internet service,No internet service,No internet service,No,No,No,Month-to-month,Yes,Electronic check,78.6,3076.34,Yes
3143-UIFXO,Female,0,Yes,No,29,Yes,Yes,DSL,Yes,Yes,Yes,No internet service,No internet service,Yes,Month-to-month,Yes,Mailed check,56.85,1474.89,Yes
8007-RADCW,Female,0,Yes,No,15,Yes,Yes,Fiber optic,Yes,Yes,No,No,Yes,No internet service,Two year,No,Electronic check,116.93,1734.06,No
3442-RBLSR,Female,0,Yes,No,45,Yes,No,Fiber optic,No,Yes,No,No,No internet service,Yes,Two year,No,Bank transfer,103.9,4655.2,Yes
3426-NEBJL,Male,1,No,No,65,Yes,No,Fiber optic,No,Yes,Yes,No internet service,No,Yes,Month-to-month,Yes,Electronic check,103.51,6671.9,No
1653-LGVHV,Female,0,Yes,No,71,Yes,No,DSL,No internet service,No internet service,No internet service,No internet service,Yes,No internet service,One year,No,Mailed check,65.81,4304.0,No
2684-LYRNT,Male,1,Yes,Yes,9,Yes,No,Fiber optic,No,No,No,No internet service,No,Yes,Month-to-month,No,Credit card,60.31,531.56,Yes
3532-HFZZF,Female,0,No,No,1,Yes,Yes,DSL,Yes,No internet service,No internet service,No internet service,No internet service,No,One year,Yes,Bank transfer,45.89,44.82,Yes
7755-AFXKZ,Male,0,Yes,No,8,Yes,No,DSL,Yes,No,No,Yes,No internet service,Yes,Two year,No,Mailed check,23.75,170.59,No
7745-ZVXZH,Female,0,Yes,No,63,Yes,No,Fiber optic,Yes,No internet service,No,Yes,No,Yes,Two year,Yes,Bank transfer,106.2,6518.9,No
5371-FZWDM,Male,0,Yes,Yes,11,Yes,No,Fiber optic,Yes,Yes,No,No,No internet service,Yes,Month-to-month,Yes,Bank transfer,100.92,949.76,Yes
1634-PHGOL,Female,0,No,Yes,8,Yes,Yes,Fiber optic,Yes,Yes,No,Yes,No,No internet service,One year,Yes,Mailed check,119.97,901.64,Yes
6000-ZHHAV,Female,0,Yes,No,35,Yes,Yes,DSL,No internet service,No internet service,No internet service,No,No internet service,Yes,Month-to-month,Yes,Mailed check,119.66,3704.38,Yes
4164-MKICY,Male,0,No,Yes,35,Yes,No,No,No internet service,No internet service,No internet service,Yes,No,Yes,Two year,No,Credit card,74.65,2268.09,No
5573-LUQMV,Female,1,Yes,No,33,Yes,Yes,Fiber optic,Yes,No,No internet service,No internet service,No,No,Month-to-month,Yes,Bank transfer,96.44,2741.88,No
9785-KADIF,Female,1,Yes,Yes,5,Yes,Yes,Fiber optic,No,No internet service,No internet service,No internet service,Yes,Yes,One year,No,Bank transfer,114.37,545.8,No
5349-BDTNL,Female,0,No,No,41,Yes,Yes,Fiber optic,Yes,No internet service,Yes,Yes,Yes,Yes,One year,Yes,Mailed check,104.66,3866.16,Yes
6139-NTQDM,Male,1,Yes,No,28,Yes,No,No,No internet service,No,No,Yes,No,Yes,One year,Yes,Electronic check,43.23,1160.47,No
4114-IBWNA,Female,0,Yes,No,7,Yes,No,Fiber optic,Yes,No,No,No,No internet service,Yes,Month-to-month,No,Mailed check,63.96,384.95,No
9518-ZRVXX,Female,0,No,No,72,Yes,Yes,Fiber optic,No internet service,No,No,No,No internet service,No,Two year,Yes,Bank transfer,31.17,2013.74,No
4228-LNCVK,Male,0,No,Yes,12,Yes,No,No,No internet service,No internet service,Yes,No,No internet service,No,Month-to-month,No,Mailed check,115.31,1288.14,No
6143-VDXJQ,Male,0,No,Yes,34,Yes,No,Fiber optic,Yes,No,No internet service,No internet service,No,No internet service,One year,No,Credit card,79.83,2629.02,Yes
6067-VNKMW,Male,0,No,No,33,Yes,Yes,Fiber optic,Yes,Yes,No,No internet service,No,Yes,Month-to-month,Yes,Electronic check,41.32,1224.22,No
5844-REGNV,Male,0,No,No,48,Yes,Yes,Fiber optic,No,Yes,No internet service,No internet service,No,No internet service,Month-to-month,Yes,Mailed check,86.51,3919.46,No
7211-VXFTS,Male,1,Yes,No,23,Yes,No,Fiber optic,No internet service,Yes,No internet service,No internet service,No,No internet service,Month-to-month,Yes,Credit card,81.05,1832.27,No
5930-MRAJJ,Female,1,No,No,62,Yes,Yes,DSL,No,No internet service,Yes,No,Yes,Yes,Month-to-month,Yes,Bank transfer,54.53,3186.05,No
4443-NZSTU,Female,0,Yes,No,37,Yes,No,Fiber optic,Yes,Yes,Yes,No internet service,No,No,Month-to-month,Yes,Mailed check,29.58,968.54,Yes
6279-OOOVG,Female,0,Yes,No,44,Yes,No,No,No internet service,No internet service,No internet service,No internet service,No internet service,No,Month-to-month,Yes,Bank transfer,86.5,3249.03,No
9375-PZZXF,Male,1,Yes,No,35,Yes,Yes,No,No,No internet service,No,No internet service,Yes,Yes,Month-to-month,No,Credit card,71.07,2438.98,Yes
2389-JQVUT,Female,0,No,Yes,65,Yes,No,DSL,No,Yes,No,No internet service,No internet service,Yes,One year,No,Bank transfer,96.78,5367.16,No
6491-CYHVJ,Male,1,No,No,47,Yes,No,Fiber optic,No,No,Yes,Yes,No,No,Two year,Yes,Credit card,71.06,3277.05,No
4680-ZGEAB,Male,0,Yes,No,3,Yes,Yes,DSL,Yes,No internet service,Yes,No,Yes,Yes,Month-to-month,No,Credit card,104.92,292.52,No
5011-PTYCO,Female,0,No,No,1,Yes,Yes,No,Yes,Yes,Yes,No,No,Yes,Month-to-month,No,Credit card,74.29,73.61,No
7790-USGWW,Male,1,No,Yes,5,No,No phone service,No,Yes,No internet service,Yes,No internet service,Yes,Yes,Month-to-month,Yes,Mailed check,75.22,364.75,Yes
7291-PMHEU,Male,0,No,No,14,Yes,No,Fiber optic,No internet service,No,Yes,Yes,No internet service,No,Month-to-month,Yes,Bank transfer,107.42,1503.41,No
1090-YYDYN,Female,0,No,No,27,Yes,Yes,No,Yes,No,Yes,No,No,No internet service,One year,No,Bank transfer,59.16,1441.75,No
4585-FZWQO,Male,0,Yes,No,9,Yes,Yes,Fiber optic,No internet service,Yes,Yes,No,No,No internet service,One year,Yes,Electronic check,31.67,275.08,Yes
1822-RHDOE,Male,0,Yes,No,15,Yes,Yes,Fiber optic,No,No internet service,No,No internet service,Yes,Yes,Month-to-month,No,Electronic check,20.94,285.92,Yes
8612-VQRTK,Female,0,No,No,42,Yes,Yes,DSL,No,No internet service,Yes,No internet service,Yes,No,Month-to-month,Yes,Electronic check,95.02,3679.48,Yes
8251-TXQNR,Male,0,Yes,No,51,Yes,No,Fiber optic,Yes,No internet service,Yes,No,No,Yes,Month-to-month,No,Electronic check,81.27,3913.18,Yes
8305-FXPOI,Male,0,No,Yes,63,No,No phone service,Fiber optic,No,No internet service,No,No,Yes,No,Two year,No,Bank transfer,89.82,5551.44,No
5050-UIYYQ,Female,1,No,No,52,Yes,Yes,Fiber optic,Yes,Yes,No,Yes,No,Yes,Two year,No,Credit card,39.72,2060.51,No
8939-UHIOC,Female,0,Yes,Yes,4,Yes,No,Fiber optic,No internet service,No,No internet service,No,Yes,No,Month-to-month,No,Credit card,31.91,123.2,No
5681-HIKKR,Female,0,Yes,No,23,Yes,Yes,No,No,Yes,Yes,No,No internet service,No,Month-to-month,Yes,Mailed check,19.48,408.91,No
2320-EEHMW,Female,0,Yes,No,15,Yes,Yes,DSL,Yes,No internet service,Yes,No internet service,Yes,No internet service,Two year,Yes,Credit card,53.76,736.41,No
3503-WGCNN,Male,0,No,Yes,43,Yes,No,Fiber optic,No,No internet service,Yes,No,No internet service,Yes,Two year,No,Bank transfer,78.17,3229.0,No
6421-RONBG,Male,0,Yes,No,29,Yes,No,Fiber optic,No,No,Yes,No internet service,Yes,No internet service,Month-to-month,No,Bank transfer,58.01,1490.2,Yes
7883-MYSWA,Female,0,No,Yes,36,Yes,Yes,Fiber optic,Yes,No internet service,No internet service,No,Yes,No internet service,Month-to-month,Yes,Bank transfer,62.62,1953.53,No
7232-PALJY,Male,1,Yes,No,13,Yes,Yes,Fiber optic,No,Yes,No,No,No,No,Month-to-month,Yes,Mailed check,110.22,1294.15,Yes
7389-NRXXR,Male,0,Yes,No,32,Yes,No,DSL,No,Yes,No,No,Yes,Yes,One year,No,Electronic check,53.52,1529.53,No
4613-PHINP,Female,0,No,No,71,Yes,Yes,DSL,No,No,Yes,Yes,Yes,No,Month-to-month,No,Credit card,70.43,4472.71,Yes
1475-MKVVZ,Female,1,No,Yes,59,Yes,No,Fiber optic,No,Yes,Yes,No internet service,No internet service,No,Month-to-month,No,Bank transfer,97.93,5113.65,Yes
7624-XFOET,Male,0,No,No,28,Yes,Yes,Fiber optic,No internet service,Yes,Yes,Yes,Yes,No,One year,No,Bank transfer,58.45,1401.44,No
9751-AMSSV,Female,0,No,No,66,Yes,Yes,DSL,No,Yes,No internet service,No,No,Yes,Month-to-month,No,Electronic check,81.45,4583.76,Yes
1444-CUNEO,Female,0,No,No,42,Yes,No,Fiber optic,No,Yes,No internet service,Yes,No internet service,Yes,One year,Yes,Bank transfer,105.96,4442.12,No
3977-BIMKG,Female,0,No,No,45,Yes,No,Fiber optic,Yes,No internet service,No,No internet service,No,No,Month-to-month,No,Credit card,114.85,4724.64,Yes
8449-KKYMI,Male,0,No,Yes,62,No,No phone service,Fiber optic,No internet service,Yes,Yes,No,No,Yes,Month-to-month,Yes,Mailed check,33.0,1857.05,No
7906-ICPAX,Female,0,No,No,57,Yes,No,No,Yes,No,Yes,Yes,No,No,One year,Yes,Bank transfer,112.51,6104.9,No
9837-BLHUC,Male,1,Yes,Yes,6,Yes,No,DSL,Yes,No,Yes,Yes,No,Yes,Month-to-month,Yes,Credit card,68.2,361.22,Yes
1659-YAHGA,Male,0,No,No,28,Yes,No,DSL,Yes,Yes,Yes,No internet service,No internet service,Yes,Two year,No,Bank transfer,44.34,1232.2,No
3496-HEPVD,Male,0,No,No,28,Yes,No,Fiber optic,No internet service,No,No internet service,Yes,Yes,No internet service,Month-to-month,Yes,Electronic check,64.83,1757.06,Yes
4571-OWIYL,Female,1,Yes,Yes,44,Yes,Yes,Fiber optic,Yes,Yes,No,No internet service,No,No,Month-to-month,Yes,Bank transfer,117.96,4481.31,Yes
3749-TTXWD,Female,1,No,Yes,30,Yes,Yes,Fiber optic,Yes,No,No,No,No internet service,No internet service,One year,Yes,Bank transfer,68.25,1868.62,No
3683-JDSAJ,Female,0,Yes,Yes,62,Yes,Yes,No,Yes,No,No internet service,No,No,No internet service,Month-to-month,Yes,Mailed check,51.53,3136.93,No
7149-MWGCS,Female,0,Yes,No,62,Yes,No,No,No,Yes,Yes,Yes,Yes,No,Two year,No,Electronic check,82.61,5079.36,Yes
4978-DWYJV,Female,0,No,No,1,Yes,No,No,Yes,Yes,No,No,No internet service,No,Month-to-month,No,Electronic check,42.49,39.1,No
2983-ZSZBL,Male,0,Yes,No,27,Yes,No,Fiber optic,No internet service,No internet service,No,No,No internet service,Yes,Month-to-month,Yes,Mailed check,25.74,654.68,No
9728-NVLCQ,Male,0,No,Yes,62,Yes,Yes,Fiber optic,No internet service,Yes,No internet service,Yes,Yes,No,Month-to-month,Yes,Bank transfer,31.15,1689.99,Yes
6590-ANPDN,Male,0,Yes,Yes,3,Yes,No,Fiber optic,No,Yes,Yes,No,No internet service,No internet service,Month-to-month,No,Credit card,31.06,93.06,No
6934-UOWEN,Female,0,Yes,No,70,Yes,No,DSL,No internet service,No internet service,No,Yes,Yes,No internet service,Two year,No,Electronic check,33.49,2074.12,No
3885-XQUIT,Male,1,Yes,Yes,72,Yes,Yes,Fiber optic,No internet service,Yes,Yes,No internet service,No internet service,No,Two year,No,Electronic check,32.16,2295.63,No
9817-YPONX,Male,0,No,No,27,Yes,No,DSL,No,Yes,No,No internet service,No internet service,No internet service,Month-to-month,Yes,Bank transfer,83.37,2132.69,No
5397-KHCIO,Female,0,No,No,9,No,No phone service,No,Yes,No internet service,No internet service,No internet service,Yes,Yes,Month-to-month,No,Bank transfer,36.55,309.59,Yes
4995-YOSTV,Female,0,Yes,No,62,No,No phone service,Fiber optic,No,Yes,Yes,Yes,Yes,No internet service,Two year,Yes,Electronic check,53.26,3060.75,No
7209-KAPKF,Male,0,Yes,No,37,Yes,No,Fiber optic,Yes,Yes,No internet service,Yes,No internet service,Yes,Two year,Yes,Bank transfer,109.47,3582.98,Yes
8988-GLZIK,Male,1,No,No,51,No,No phone service,Fiber optic,Yes,No internet service,No,No,No internet service,No internet service,Month-to-month,No,Credit card,66.34,2965.43,No
5581-TWIRA,Female,0,No,Yes,44,Yes,No,DSL,No internet service,No internet service,No internet service,No,Yes,Yes,Month-to-month,Yes,Electronic check,86.09,3345.04,No
9464-GCHXN,Female,0,Yes,Yes,24,No,No phone service,DSL,No,No,No internet service,No,Yes,Yes,Month-to-month,No,Credit card,35.58,749.71,Yes
9004-RYHWP,Female,0,Yes,Yes,59,Yes,Yes,Fiber optic,No internet service,Yes,No internet service,No,No internet service,No,Two year,Yes,Credit card,37.61,2145.63,No
9041-OZACJ,Female,0,No,No,32,Yes,Yes,DSL,No internet service,No,No,No,No internet service,Yes,Month-to-month,No,Bank transfer,22.17,640.28,No
4630-MWHJV,Male,0,No,Yes,52,Yes,No,Fiber optic,Yes,No,Yes,Yes,No internet service,No,Month-to-month,Yes,Credit card,35.23,1573.06,Yes
7046-PRQLN,Male,0,No,No,62,Yes,No,No,No internet service,No internet service,No internet service,Yes,Yes,No internet service,One year,Yes,Bank transfer,46.42,2864.7,No
6419-LWOIJ,Female,0,No,No,58,Yes,No,No,No,Yes,Yes,No internet service,No internet service,No internet service,Month-to-month,No,Mailed check,36.06,2055.02,No
5118-HDXGK,Male,0,No,No,52,Yes,No,Fiber optic,No internet service,Yes,No,No internet service,No,No internet service,Month-to-month,No,Bank transfer,27.05,1391.36,No
2958-XRYWF,Male,0,Yes,No,12,Yes,Yes,DSL,No internet service,No internet service,Yes,No internet service,Yes,Yes,Month-to-month,No,Credit card,30.3,363.32,No
4138-GXPIX,Female,0,No,Yes,39,Yes,Yes,No,Yes,No,No internet service,No internet service,No internet service,No internet service,Month-to-month,No,Mailed check,65.0,2220.87,No
9595-TJDGJ,Male,0,Yes,No,2,Yes,Yes,No,No,No internet service,No internet service,Yes,Yes,No internet service,Month-to-month,Yes,Bank transfer,39.05,71.03,No
4727-LFJAW,Male,0,No,No,3,Yes,Yes,DSL,No internet service,Yes,No internet service,Yes,No,No,Month-to-month,No,Credit card,55.16,159.48,Yes
9751-EIBBR,Male,0,Yes,Yes,56,Yes,No,Fiber optic,Yes,No internet service,No internet service,Yes,Yes,No,Month-to-month,No,Electronic check,69.35,3706.52,No
5786-WEUYP,Female,1,No,Yes,59,Yes,No,DSL,No internet service,Yes,No internet service,No,No internet service,No internet service,One year,Yes,Electronic check,88.42,4554.69,No
2680-ASJPP,Female,0,No,No,2,Yes,No,No,No,No,No internet service,No,No,No internet service,Two year,No,Bank transfer,22.01,42.8,No
8216-KFBIP,Male,0,Yes,No,2,Yes,Yes,No,No internet service,Yes,No,No internet service,No,Yes,One year,No,Bank transfer,99.54,175.92,No
2869-CMPCS,Female,0,Yes,No,54,Yes,Yes,DSL,No internet service,No,No,No,No internet service,Yes,Month-to-month,Yes,Electronic check,82.05,3914.85,Yes
1878-EEZSJ,Female,0,No,No,1,No,No phone service,No,Yes,No,No,Yes,No internet service,No internet service,Month-to-month,No,Credit card,26.34,24.51,No
2395-HDRYN,Female,0,No,No,19,Yes,No,Fiber optic,No internet service,Yes,Yes,No internet service,No internet service,No,Month-to-month,No,Credit card,107.11,1910.83,Yes
4697-YQMOO,Male,1,No,No,2,Yes,Yes,No,Yes,Yes,Yes,No internet service,Yes,No internet service,Month-to-month,No,Credit card,111.93,209.76,Yes
5871-SNJST,Male,0,No,No,53,Yes,No,Fiber optic,No,No,No,No,Yes,Yes,Month-to-month,No,Bank transfer,24.23,1109.18,No
1986-TXDYG,Female,1,No,No,44,Yes,Yes,No,No internet service,No internet service,Yes,No internet service,Yes,No,One year,No,Mailed check,46.24,1997.16,No
4457-IVCFH,Male,0,Yes,No,32,Yes,Yes,DSL,No,Yes,Yes,No,No internet service,No,Month-to-month,No,Mailed check,100.23,2854.04,No
3847-RCFAN,Male,0,Yes,No,70,Yes,Yes,DSL,No,No,No internet service,No,No internet service,Yes,Month-to-month,Yes,Mailed check,94.32,5740.31,Yes
8381-WTPJB,Male,0,No,No,32,Yes,No,DSL,No internet service,No,No internet service,No internet service,Yes,No internet service,Month-to-month,No,Mailed check,36.82,1158.58,No
4792-JWJWO,Male,0,Yes,No,68,Yes,No,No,Yes,No internet service,Yes,No,No,No internet service,One year,Yes,Mailed check,39.35,2658.0,No
2166-VHIZZ,Male,0,Yes,No,55,Yes,Yes,No,No,Yes,Yes,No,Yes,No internet service,Month-to-month,Yes,Bank transfer,55.79,3004.99,Yes
4241-NDRHU,Female,1,Yes,No,56,Yes,No,No,No,No,No,No,No,Yes,One year,Yes,Bank transfer,67.42,3667.64,No
3441-IECBF,Male,1,No,No,17,No,No phone service,No,No internet service,No internet service,Yes,No,No internet service,No,Month-to-month,Yes,Mailed check,81.06,1306.76,Yes
6039-TXSJO,Male,0,Yes,No,38,Yes,Yes,DSL,No internet service,No,No internet service,No internet service,No internet service,Yes,Two year,No,Bank transfer,55.63,1971.52,No
3037-OWJWM,Male,0,No,No,24,Yes,Yes,Fiber optic,No internet service,Yes,Yes,Yes,Yes,No internet service,Two year,No,Bank transfer,65.18,1350.08,No
5460-QRPOC,Female,0,Yes,Yes,69,Yes,Yes,DSL,No internet service,No internet service,No,Yes,Yes,Yes,Month-to-month,No,Mailed check,94.24,5925.57,No
1653-NXKTI,Female,0,No,No,70,Yes,No,DSL,No internet service,No,No internet service,No,No internet service,No,Month-to-month,Yes,Credit card,21.74,1378.6,No
1423-CHVSS,Female,1,Yes,Yes,11,Yes,Yes,DSL,No internet service,No internet service,No internet service,No,Yes,Yes,Month-to-month,No,Bank transfer,43.75,427.81,Yes
1339-YVISB,Male,0,No,No,16,Yes,Yes,Fiber optic,Yes,Yes,No internet service,No,No internet service,No internet service,Month-to-month,No,Credit card,90.76,1391.91,Yes
3870-PQUOI,Female,0,No,No,59,Yes,No,DSL,No,No internet service,No internet service,Yes,No internet service,No,One year,No,Bank transfer,109.31,5961.6,No
3973-SNUPC,Female,0,Yes,No,70,Yes,Yes,DSL,Yes,Yes,Yes,No,No,Yes,Two year,Yes,Bank transfer,70.19,4236.04,No
8700-LNKKV,Female,1,No,No,3,Yes,Yes,DSL,Yes,No,No,No internet service,Yes,Yes,One year,Yes,Mailed check,72.28,191.48,No
2713-FKNWP,Female,0,No,No,20,Yes,No,DSL,No internet service,Yes,Yes,No internet service,No internet service,No,Two year,No,Bank transfer,28.93,551.11,No
5722-VMYRB,Male,0,No,No,59,Yes,No,No,No,No,Yes,No internet service,Yes,No,Month-to-month,Yes,Electronic check,63.64,3234.42,Yes
8451-CKIKD,Female,0,No,No,36,Yes,No,Fiber optic,Yes,No,No internet service,Yes,No,No internet service,Month-to-month,Yes,Electronic check,72.33,2545.76,Yes
7622-QAVRO,Female,0,No,No,19,Yes,Yes,No,No internet service,Yes,No,No,No,No,One year,No,Mailed check,42.73,750.39,No
7770-BGQLT,Male,0,No,Yes,67,Yes,No,Fiber optic,No internet service,No,No internet service,No,Yes,No internet service,Month-to-month,Yes,Credit card,45.46,2808.51,Yes
9167-UOYBG,Male,0,No,Yes,19,Yes,No,DSL,No,No internet service,Yes,No,Yes,Yes,One year,Yes,Credit card,56.48,1007.51,No
5375-REJOW,Female,0,No,No,20,Yes,Yes,Fiber optic,Yes,No,Yes,Yes,No internet service,No internet service,Month-to-month,No,Credit card,20.05,390.45,Yes
8941-DAUTZ,Male,0,Yes,No,71,No,No phone service,DSL,Yes,Yes,No internet service,Yes,No,Yes,Month-to-month,Yes,Electronic check,50.85,3257.15,Yes
4920-WFJRA,Female,1,Yes,Yes,52,Yes,Yes,DSL,Yes,No internet service,Yes,Yes,No,No,Two year,Yes,Credit card,39.57,1958.26,No
7684-CHDOD,Male,0,No,Yes,33,Yes,Yes,DSL,No internet service,No internet service,Yes,Yes,No,Yes,Month-to-month,Yes,Credit card,51.4,1585.71,No
3522-PWJQW,Male,1,No,Yes,40,Yes,Yes,DSL,No,No,No internet service,No internet service,Yes,No,Two year,Yes,Mailed check,30.22,1075.9,No
5479-NPPHO,Female,0,Yes,No,39,No,No phone service,DSL,No,No,Yes,Yes,No internet service,Yes,Two year,Yes,Credit card,108.83,4167.1,No
3369-MGTQX,Male,0,Yes,No,1,Yes,No,Fiber optic,Yes,Yes,No,Yes,Yes,Yes,One year,Yes,Electronic check,78.55,76.16,Yes
3236-CIYZN,Female,0,Yes,No,11,No,No phone service,Fiber optic,No internet service,No internet service,No internet service,Yes,Yes,Yes,One year,Yes,Electronic check,87.27,910.79,Yes
6568-ZQIAJ,Male,0,No,Yes,57,No,No phone service,DSL,Yes,Yes,No,No,Yes,Yes,One year,Yes,Electronic check,98.5,5488.66,No
5891-SSVPE,Female,0,Yes,No,50,Yes,Yes,DSL,No,No,Yes,No,No internet service,No internet service,Two year,No,Mailed check,68.84,3373.48,No
8316-RPLKR,Male,0,No,Yes,23,No,No phone service,No,No internet service,No internet service,Yes,No,Yes,Yes,Month-to-month,No,Mailed check,26.87,590.97,Yes
9903-MOKGW,Male,0,No,Yes,31,Yes,No,DSL,Yes,Yes,No internet service,No internet service,No,No internet service,Month-to-month,No,Bank transfer,72.78,2201.02,Yes
4912-SMHYN,Male,0,Yes,No,42,Yes,No,DSL,Yes,Yes,Yes,No internet service,No,No,One year,No,Credit card,77.86,3121.72,Yes
1715-KXPWZ,Male,1,No,Yes,7,Yes,Yes,No,No internet service,Yes,No internet service,Yes,No,No,Month-to-month,Yes,Mailed check,94.03,626.63,No
7246-MVZUE,Male,0,No,Yes,16,Yes,No,DSL,No,Yes,No internet service,No,No internet service,No internet service,Month-to-month,No,Electronic check,62.03,935.7,Yes
9115-BEQSK,Female,0,No,Yes,60,Yes,Yes,DSL,No internet service,Yes,No internet service,No internet service,Yes,No,Month-to-month,No,Electronic check,31.01,1791.59,No
2644-ODQOA,Male,0,No,Yes,2,Yes,No,Fiber optic,Yes,No internet service,No internet service,No,No internet service,No,One year,Yes,Mailed check,46.95,82.05,No
3361-NUECP,Female,0,Yes,Yes,1,No,No phone service,DSL,Yes,Yes,No internet service,No internet service,Yes,Yes,Two year,Yes,Mailed check,55.03,54.05,No
5342-KTWMU,Female,1,Yes,No,48,Yes,No,Fiber optic,Yes,No internet service,No,No internet service,No,Yes,Month-to-month,Yes,Mailed check,83.88,3948.84,Yes
2315-KVRMK,Female,0,No,No,12,Yes,Yes,No,Yes,Yes,No internet service,Yes,Yes,Yes,Two year,Yes,Bank transfer,76.22,781.46,No
8994-RBTCH,Male,0,No,No,69,No,No phone service,DSL,No,No,No,Yes,Yes,No internet service,One year,Yes,Electronic check,54.32,3650.15,Yes
5708-HXCND,Female,1,Yes,No,37,No,No phone service,Fiber optic,No,No,Yes,No internet service,Yes,No internet service,Two year,No,Bank transfer,118.62,3815.44,No
2646-OFWJA,Male,0,No,Yes,32,No,No phone service,Fiber optic,Yes,Yes,No internet service,Yes,No internet service,No,One year,Yes,Bank transfer,79.79,2298.64,No
1753-KZBJL,Female,0,Yes,No,9,Yes,No,DSL,No,No,Yes,No internet service,Yes,Yes,One year,No,Credit card,42.2,365.19,No
7141-NEHQN,Female,0,No,No,19,No,No phone service,Fiber optic,No,No internet service,No internet service,No internet service,Yes,No internet service,Month-to-month,No,Electronic check,28.38,471.34,Yes
3950-FFCTM,Female,1,No,Yes,48,Yes,Yes,DSL,No,Yes,No,No,Yes,No internet service,Two year,Yes,Electronic check,33.59,1568.3,No
4945-PSEHO,Female,0,Yes,No,3,Yes,Yes,Fiber optic,Yes,No internet service,No,Yes,No internet service,Yes,Month-to-month,No,Mailed check,43.09,126.01,Yes
5161-OIVAZ,Female,0,Yes,Yes,20,Yes,Yes,DSL,No internet service,Yes,No,Yes,No internet service,No internet service,Two year,No,Mailed check,34.39,636.99,No
8622-JVRFC,Male,0,Yes,No,24,Yes,Yes,Fiber optic,No internet service,No,Yes,Yes,No internet service,Yes,Two year,Yes,Credit card,37.03,756.26,No
8237-LSJUN,Female,0,Yes,No,54,Yes,No,DSL,No internet service,No internet service,No internet service,No,Yes,No,Month-to-month,No,Bank transfer,47.08,2270.43,No
5097-OJGMP,Female,0,No,No,33,Yes,Yes,No,Yes,No,Yes,No,No,No,Month-to-month,No,Mailed check,35.68,1109.78,No
2747-HMSLS,Male,0,Yes,No,24,Yes,Yes,DSL,No,No,No,No,No,No,One year,No,Mailed check,109.47,2619.87,No
5847-WJAVM,Male,0,No,No,72,Yes,Yes,Fiber optic,No,Yes,Yes,Yes,No,Yes,Month-to-month,Yes,Electronic check,26.18,1780.86,No
5497-ASVYX,Male,0,Yes,No,36,Yes,Yes,Fiber optic,Yes,No internet service,No,Yes,Yes,No internet service,Two year,Yes,Electronic check,71.5,2288.21,No
1803-TXPJY,Female,0,Yes,Yes,38,Yes,No,Fiber optic,Yes,No,No,Yes,No,No,Month-to-month,Yes,Mailed check,59.86,2149.8,No
4770-TZLHU,Female,0,No,Yes,25,Yes,Yes,Fiber optic,No internet service,Yes,No,No,No,No,Month-to-month,No,Electronic check,118.2,2751.1,Yes
4115-TIVYX,Female,0,Yes,No,18,Yes,No,Fiber optic,No internet service,Yes,No internet service,No,No,No,Two year,Yes,Credit card,29.43,512.25,No
3240-UDUUB,Female,0,Yes,No,66,Yes,Yes,Fiber optic,Yes,Yes,No internet service,No internet service,Yes,No internet service,One year,No,Mailed check,58.58,3348.38,No
6061-ZOBSL,Female,1,Yes,No,54,Yes,No,No,No internet service,No,No,No,No,No internet service,Two year,Yes,Electronic check,116.89,6085.8,No
3153-CJKXN,Female,1,Yes,No,35,No,No phone service,DSL,No,Yes,Yes,No internet service,No,Yes,Month-to-month,No,Credit card,106.28,3463.84,Yes
3877-GEZRL,Male,1,No,No,61,Yes,Yes,Fiber optic,Yes,No internet service,Yes,Yes,Yes,No,One year,Yes,Electronic check,101.34,6147.42,Yes
9697-QIFIP,Male,0,No,No,41,Yes,No,No,Yes,No internet service,No internet service,No,No internet service,No internet service,One year,Yes,Electronic check,44.31,1637.37,No
5835-XKZDO,Female,0,Yes,No,33,Yes,Yes,No,No,No,No,Yes,No,Yes,One year,No,Electronic check,35.43,1104.76,No
2233-EYHVX,Female,0,Yes,No,68,Yes,No,No,No,No internet service,Yes,Yes,No internet service,No,One year,Yes,Mailed check,86.2,5801.84,Yes
7511-ZRLCZ,Female,0,Yes,No,33,Yes,Yes,Fiber optic,No,Yes,No,Yes,No,No internet service,One year,No,Bank transfer,112.8,3221.28,No
7464-AIRDO,Female,0,No,No,14,Yes,No,DSL,No internet service,No,Yes,Yes,Yes,No internet service,Month-to-month,Yes,Electronic check,74.79,1037.2,Yes
7038-VXVIS,Female,0,No,Yes,21,Yes,Yes,Fiber optic,Yes,Yes,No internet service,No,No internet service,Yes,Month-to-month,Yes,Credit card,76.3,1527.28,Yes
7242-ULDVH,Male,0,No,No,48,Yes,Yes,Fiber optic,No internet service,No,No,Yes,No internet service,No,One year,No,Mailed check,46.56,1922.39,No
8724-ATRKT,Male,0,No,Yes,20,Yes,No,Fiber optic,No,No,No,No internet service,No internet service,No,Month-to-month,No,Mailed check,96.49,1727.45,Yes
4626-UCUOW,Female,1,Yes,Yes,8,Yes,Yes,Fiber optic,No internet service,Yes,Yes,No,No internet service,No internet service,One year,No,Credit card,37.08,283.65,Yes
5951-UNDEB,Male,0,Yes,Yes,7,Yes,Yes,No,No,No internet service,Yes,Yes,No,No,Month-to-month,Yes,Electronic check,51.02,307.18,Yes
1609-JPDDH,Female,0,Yes,No,67,Yes,Yes,Fiber optic,No internet service,No internet service,Yes,No,No,Yes,One year,No,Bank transfer,61.39,3855.34,No
9807-EMOLV,Female,1,No,No,17,Yes,Yes,No,No internet service,No,No,No internet service,No internet service,No internet service,One year,Yes,Electronic check,69.78,1069.87,No
9850-NSXXE,Female,0,Yes,Yes,33,Yes,Yes,Fiber optic,No,Yes,No internet service,Yes,No,No internet service,Month-to-month,No,Credit card,42.73,1329.91,No
7797-UDPTN,Male,0,No,No,48,No,No phone service,DSL,No internet service,Yes,No internet service,No internet service,No internet service,Yes,Month-to-month,No,Mailed check,29.71,1221.95,No
5583-BWLGO,Male,0,No,No,59,No,No phone service,Fiber optic,Yes,No,Yes,Yes,No internet service,No internet service,Month-to-month,No,Bank transfer,80.28,4645.25,Yes
8285-HLDVL,Female,0,Yes,No,22,Yes,No,Fiber optic,No internet service,No internet service,No internet service,No internet service,Yes,No,One year,No,Mailed check,47.44,1039.53,No
9920-ULBMI,Male,1,Yes,Yes,30,Yes,No,DSL,No internet service,Yes,Yes,Yes,No internet service,No,Two year,No,Credit card,77.29,2307.88,No
4109-DOCVG,Male,0,Yes,No,38,Yes,Yes,DSL,Yes,No internet service,No internet service,No,No,No internet service,Month-to-month,No,Electronic check,33.74,1233.97,Yes
1349-BZKHE,Female,0,No,No,51,Yes,No,No,No,No internet service,No,Yes,No internet service,Yes,One year,Yes,Bank transfer,67.08,2974.67,No
4362-CYRGS,Male,0,No,Yes,54,Yes,Yes,DSL,Yes,No,Yes,No,Yes,Yes,Month-to-month,No,Mailed check,72.32,3763.67,No
4538-HKYEZ,Male,1,Yes,Yes,8,No,No phone service,Fiber optic,No internet service,No,No internet service,Yes,No,No,Month-to-month,Yes,Mailed check,23.29,159.06,Yes
1046-IEERI,Female,0,Yes,No,27,No,No phone service,Fiber optic,No,No internet service,No,Yes,Yes,Yes,Two year,No,Mailed check,52.33,1205.66,Yes
3858-DVAEA,Female,0,No,No,27,Yes,Yes,Fiber optic,No internet service,Yes,No internet service,No internet service,Yes,No internet service,Month-to-month,No,Electronic check,31.71,769.3,No
6869-ZZHSK,Male,0,Yes,No,21,Yes,No,Fiber optic,No internet service,Yes,No,No internet service,No internet service,No internet service,Month-to-month,No,Bank transfer,24.46,474.26,No
1258-FIBEX,Female,1,No,No,30,Yes,Yes,DSL,Yes,No,No,No internet service,Yes,No,Month-to-month,Yes,Electronic check,118.98,3446.47,Yes
7897-QDXCP,Male,0,No,No,28,Yes,No,Fiber optic,Yes,No internet service,No internet service,Yes,Yes,No,Month-to-month,Yes,Electronic check,50.88,1356.96,Yes
8344-YLQSD,Female,0,Yes,No,64,Yes,Yes,Fiber optic,No,Yes,No internet service,Yes,No,No,Month-to-month,No,Electronic check,100.61,5903.86,Yes
8405-QHTBX,Female,0,Yes,Yes,69,Yes,No,Fiber optic,No,Yes,No,Yes,Yes,Yes,Month-to-month,Yes,Credit card,43.97,2703.37,No
9543-JOUAB,Female,1,Yes,No,61,Yes,No,DSL,No,No,No,No,No internet service,No internet service,One year,No,Credit card,87.51,5335.81,No
8847-MNVDP,Female,0,Yes,No,48,Yes,No,Fiber optic,No internet service,No internet service,No,No,No internet service,No internet service,Month-to-month,No,Credit card,95.54,4191.2,No
8267-CCKTE,Male,0,No,No,19,Yes,No,DSL,Yes,Yes,Yes,Yes,No internet service,No internet service,Month-to-month,Yes,Bank transfer,78.76,1373.3,Yes
2076-EITUS,Female,1,No,No,4,No,No phone service,DSL,Yes,No,No,No internet service,Yes,No,Month-to-month,Yes,Electronic check,66.1,231.23,No
9984-WKMTQ,Female,0,No,No,35,Yes,No,DSL,Yes,Yes,Yes,No internet service,No,No internet service,Month-to-month,Yes,Electronic check,60.01,2035.7,No
5831-OQTND,Female,0,Yes,Yes,64,Yes,Yes,DSL,No,Yes,No,No internet service,No internet service,Yes,One year,Yes,Credit card,53.58,3271.56,No
2874-UUYRX,Male,0,No,No,49,Yes,No,No,Yes,Yes,Yes,Yes,Yes,Yes,Two year,No,Electronic check,112.81,4881.59,Yes
4522-NOHNK,Male,0,Yes,Yes,17,Yes,Yes,DSL,Yes,No,No,No internet service,No internet service,No internet service,Month-to-month,Yes,Electronic check,102.72,1505.88,No
8430-MNXDK,Female,0,Yes,No,44,Yes,No,No,Yes,No internet service,No,Yes,No internet service,No,Two year,Yes,Mailed check,116.43,4877.4,No
7992-KVILE,Female,0,Yes,Yes,30,Yes,Yes,No,No,No,No,No,No,No internet service,One year,No,Electronic check,30.68,872.7,No
8770-CCCCN,Female,0,Yes,Yes,46,Yes,No,Fiber optic,Yes,No internet service,No internet service,No internet service,No internet service,Yes,One year,Yes,Mailed check,92.55,3793.21,No
2582-XXLZE,Female,0,Yes,No,6,Yes,No,DSL,No,Yes,No internet service,No,No,Yes,Month-to-month,Yes,Electronic check,113.71,677.23,Yes
1982-SRRKV,Female,0,Yes,Yes,37,No,No phone service,Fiber optic,Yes,No internet service,No,No internet service,Yes,Yes,Month-to-month,Yes,Bank transfer,36.49,1178.2,No
3002-NLVYN,Female,0,No,No,24,Yes,No,Fiber optic,Yes,Yes,Yes,Yes,No internet service,No internet service,Month-to-month,Yes,Credit card,24.78,544.08,No
1842-JTJLD,Male,0,Yes,No,46,Yes,No,Fiber optic,Yes,Yes,Yes,Yes,Yes,Yes,One year,No,Mailed check,93.59,4268.73,No
9313-GEVPH,Female,0,No,Yes,53,Yes,No,DSL,No,No,No,Yes,Yes,No,Month-to-month,No,Credit card,76.6,3706.43,No
2773-LRLDY,Female,0,No,Yes,60,Yes,Yes,Fiber optic,No,Yes,No internet service,Yes,Yes,No internet service,Two year,Yes,Mailed check,103.87,5894.28,No
5564-SHZNR,Female,0,Yes,No,63,Yes,No,No,Yes,No,Yes,No internet service,No internet service,No internet service,Month-to-month,Yes,Mailed check,32.26,1848.73,No
1430-TVWIA,Female,1,Yes,No,32,Yes,Yes,Fiber optic,No internet service,No internet service,No internet service,No,No,Yes,Month-to-month,No,Mailed check,99.12,2826.53,No
3955-IWYJK,Female,0,Yes,No,33,Yes,No,DSL,No,No internet service,Yes,Yes,No internet service,Yes,One year,Yes,Bank transfer,38.57,1269.75,No
6751-AFESV,Female,0,No,No,67,Yes,No,Fiber optic,No,Yes,No,No internet service,Yes,No,Month-to-month,Yes,Electronic check,34.69,2118.3,No
7566-CEXUA,Male,0,Yes,No,18,No,No phone service,DSL,Yes,No,No internet service,No,No,No internet service,Month-to-month,Yes,Mailed check,34.76,615.74,Yes
2503-XQGMN,Male,0,No,No,25,Yes,No,DSL,No internet service,Yes,Yes,Yes,Yes,Yes,One year,Yes,Bank transfer,101.09,2235.34,No
8432-KFLJX,Male,0,Yes,No,54,Yes,No,No,Yes,No,No,No,No,No,Two year,Yes,Mailed check,85.85,4088.7,No
6314-YSTCB,Male,0,Yes,No,58,Yes,Yes,DSL,No,No,No,Yes,No internet service,Yes,One year,Yes,Electronic check,71.35,3536.88,No
3549-FYTBV,Male,1,No,Yes,67,Yes,No,DSL,No,No,No,No,No,No internet service,One year,Yes,Mailed check,54.6,3467.06,No
2336-IOVNP,Male,0,No,No,46,Yes,Yes,DSL,Yes,No internet service,No internet service,No,No internet service,Yes,One year,Yes,Bank transfer,107.47,4475.36,No
8242-NIGYQ,Female,0,Yes,No,24,Yes,Yes,No,Yes,No,No internet service,Yes,Yes,No internet service,Two year,Yes,Electronic check,58.03,1364.38,No
2864-LNDJV,Female,0,No,No,32,Yes,Yes,Fiber optic,No internet service,No internet service,No,No internet service,No,Yes,Month-to-month,No,Bank transfer,101.29,2985.16,No
8972-QVJBH,Female,0,No,No,47,Yes,No,Fiber optic,No internet service,No,No internet service,No,Yes,No internet service,Month-to-month,No,Electronic check,62.79,2937.05,Yes
7475-TBAGJ,Female,0,No,No,23,Yes,Yes,Fiber optic,No,No internet service,Yes,Yes,No,No,Month-to-month,No,Electronic check,56.45,1139.73,Yes
4460-YEYIJ,Female,1,No,No,66,Yes,Yes,DSL,No internet service,No internet service,No,No,No internet service,No internet service,Month-to-month,Yes,Credit card,65.19,4217.75,No
6375-DAPXN,Female,0,No,No,27,Yes,No,Fiber optic,No internet service,No internet service,No,No,No,No,One year,Yes,Credit card,48.74,1271.88,Yes
3878-EMRWH,Male,0,Yes,No,2,Yes,Yes,Fiber optic,No,Yes,No internet service,No internet service,No,No internet service,One year,No,Credit card,94.26,182.04,Yes
9196-RVZLC,Female,0,Yes,No,17,Yes,No,DSL,No,No,No,No,No internet service,No,One year,Yes,Electronic check,69.28,1150.34,No
7505-XBNAO,Male,0,No,No,33,No,No phone service,Fiber optic,No,Yes,Yes,No,No internet service,Yes,Month-to-month,No,Mailed check,41.69,1326.45,Yes
2275-KSNSM,Male,0,Yes,No,9,Yes,No,No,No,No,No internet service,Yes,No internet service,No internet service,One year,Yes,Bank transfer,109.76,932.45,No
7843-JDMAK,Female,0,Yes,No,43,Yes,No,DSL,Yes,No,No internet service,Yes,No,Yes,Month-to-month,No,Bank transfer,57.16,2137.59,No
3815-ZTOWL,Female,0,No,No,48,Yes,Yes,DSL,No,Yes,No,No internet service,Yes,No,One year,No,Bank transfer,73.44,3013.55,No
2443-NDHNS,Female,0,Yes,No,39,Yes,Yes,DSL,No,No internet service,No,No,No,No internet service,One year,No,Credit card,110.46,4256.79,No
7560-QCMJX,Female,0,No,No,42,Yes,Yes,DSL,No,No,No,No,No,No internet service,Month-to-month,Yes,Electronic check,81.67,3232.9,Yes
6562-HKYFC,Female,0,No,Yes,26,Yes,Yes,No,No internet service,No internet service,No internet service,No,Yes,Yes,Month-to-month,No,Credit card,29.92,754.18,No
9363-UDQQG,Female,0,Yes,No,50,Yes,Yes,Fiber optic,No,Yes,No,No internet service,No internet service,No internet service,Month-to-month,Yes,Mailed check,113.86,5250.25,No
6724-LXUEH,Female,0,No,Yes,25,Yes,No,Fiber optic,Yes,No internet service,Yes,No,No,No internet service,Two year,Yes,Electronic check,82.03,1779.22,No
2684-EIGFT,Male,1,No,No,24,Yes,Yes,Fiber optic,Yes,No,No,Yes,Yes,Yes,Two year,Yes,Bank transfer,52.16,1087.57,No
3504-YYUCF,Female,0,No,No,13,Yes,Yes,DSL,No,No,No,No internet service,No internet service,No internet service,One year,Yes,Credit card,32.21,398.98,No
9095-OYSYS,Female,0,No,Yes,60,Yes,Yes,Fiber optic,Yes,No,No internet service,Yes,No internet service,Yes,Month-to-month,Yes,Credit card,98.99,5431.85,Yes
8354-VSUUT,Male,0,No,Yes,7,Yes,No,Fiber optic,No internet service,Yes,No,Yes,No,Yes,Month-to-month,Yes,Mailed check,81.25,500.54,Yes
6295-UKEOC,Female,1,Yes,No,57,Yes,No,Fiber optic,No,No,No internet service,No internet service,No internet service,Yes,One year,Yes,Mailed check,72.41,3812.61,No
8682-OUJZI,Female,0,Yes,No,36,Yes,Yes,No,Yes,Yes,No,Yes,No internet service,Yes,One year,No,Credit card,109.18,3378.76,No
1920-LQCJO,Male,0,No,No,45,Yes,No,Fiber optic,Yes,No internet service,Yes,No,Yes,Yes,Month-to-month,No,Mailed check,98.44,4152.03,Yes
8404-BBLJC,Female,0,No,Yes,20,Yes,Yes,Fiber optic,No,No,Yes,No internet service,Yes,No,Month-to-month,No,Bank transfer,33.47,596.0,No
2479-TTQMO,Female,0,Yes,No,65,Yes,Yes,No,Yes,No,No internet service,Yes,No internet service,No,One year,Yes,Mailed check,49.8,3138.7,No
1672-OZSUG,Female,0,No,No,8,Yes,No,DSL,No,No,No internet service,No,Yes,Yes,Month-to-month,Yes,Mailed check,43.35,310.93,Yes
6267-TPQEB,Female,1,Yes,No,16,Yes,No,DSL,Yes,No internet service,No,No,No internet service,No,Month-to-month,Yes,Credit card,93.88,1379.33,Yes
8381-DZKWC,Female,1,No,No,14,Yes,Yes,DSL,No internet service,No,No,Yes,No,No,Month-to-month,Yes,Credit card,21.42,255.42,No
9266-UFBHW,Female,0,No,No,15,No,No phone service,DSL,Yes,Yes,Yes,No,Yes,No internet service,Month-to-month,No,Electronic check,76.13,983.07,No
8172-OQQTF,Male,1,No,Yes,66,Yes,No,Fiber optic,Yes,No internet service,No,No internet service,No internet service,Yes,Two year,Yes,Electronic check,95.77,5744.83,No
6962-LJMNY,Female,0,No,No,32,Yes,Yes,Fiber optic,No,No internet service,Yes,Yes,No internet service,No,Two year,No,Credit card,107.43,3169.58,Yes
6543-VTBZU,Female,0,No,No,63,Yes,No,No,Yes,No internet service,No internet service,No,Yes,No internet service,One year,Yes,Mailed check,52.89,3132.16,No
6482-CKDRV,Male,0,No,No,51,Yes,Yes,Fiber optic,No,No internet service,No,No,Yes,No internet service,Month-to-month,No,Mailed check,101.77,4638.8,No
7333-JIXVT,Male,0,No,Yes,25,Yes,No,Fiber optic,No internet service,No internet service,No internet service,Yes,No,Yes,Month-to-month,Yes,Electronic check,29.28,698.51,Yes
3463-KCSVE,Female,1,Yes,No,58,Yes,Yes,DSL,No,Yes,No,Yes,No internet service,Yes,Month-to-month,No,Electronic check,104.34,5924.74,No
6731-JUWVM,Male,0,Yes,Yes,63,No,No phone service,DSL,No,No internet service,Yes,Yes,No,No internet service,Month-to-month,Yes,Electronic check,31.0,1888.51,Yes
3112-TWCJR,Female,0,Yes,No,62,Yes,No,Fiber optic,Yes,No,No internet service,Yes,No,Yes,One year,No,Bank transfer,58.52,3105.57,Yes
7171-UZKEV,Female,0,No,No,22,Yes,Yes,Fiber optic,No internet service,No internet service,No internet service,No internet service,No,Yes,Month-to-month,Yes,Bank transfer,99.32,2014.77,Yes
9624-CUVNQ,Male,1,No,No,58,Yes,Yes,No,No,No internet service,No,Yes,Yes,No internet service,Month-to-month,No,Electronic check,33.29,1671.59,No
6928-ALJFG,Female,0,No,Yes,58,Yes,No,DSL,Yes,No internet service,No internet service,No internet service,No,No internet service,Month-to-month,No,Mailed check,41.38,2127.17,No
6598-YPGHE,Female,0,No,Yes,49,Yes,Yes,DSL,Yes,No internet service,Yes,No internet service,Yes,Yes,Month-to-month,Yes,Electronic check,91.67,4482.84,Yes
3538-CJZDQ,Male,1,No,No,52,Yes,Yes,Fiber optic,No,No internet service,No internet service,Yes,Yes,No,Month-to-month,No,Bank transfer,91.44,4143.28,Yes
9843-XQBVK,Male,0,No,Yes,42,Yes,Yes,DSL,Yes,Yes,No internet service,No internet service,No,Yes,Month-to-month,Yes,Mailed check,83.4,3239.51,Yes
3147-TMEFF,Male,1,No,Yes,70,Yes,No,DSL,No,Yes,No,Yes,No,No,Two year,Yes,Bank transfer,88.78,5858.65,No
3712-XOBNL,Male,0,Yes,No,15,Yes,No,Fiber optic,No,No internet service,No internet service,Yes,No internet service,No internet service,Month-to-month,Yes,Mailed check,73.36,1051.29,No
4891-OTJYX,Female,0,No,No,54,Yes,No,DSL,No,Yes,No,No,No,No,Month-to-month,No,Bank transfer,43.68,2202.92,No
8355-HRHJZ,Male,0,Yes,Yes,60,Yes,Yes,Fiber optic,No internet service,No,No,Yes,No internet service,No internet service,Two year,No,Mailed check,53.26,2720.94,No
8684-GLVSO,Male,0,Yes,No,8,No,No phone service,DSL,No,No internet service,No internet service,No,No,Yes,Two year,Yes,Mailed check,36.52,262.64,No
8564-YJYMQ,Male,0,No,Yes,53,Yes,Yes,DSL,Yes,No,Yes,No internet service,No,Yes,One year,Yes,Mailed check,110.66,5440.69,No
9641-NFGZT,Male,1,No,No,60,No,No phone service,Fiber optic,No internet service,No,No,No,No,No internet service,Two year,No,Mailed check,77.51,4014.3,No
3267-IBUPL,Male,0,Yes,No,5,Yes,No,No,Yes,No internet service,No internet service,No internet service,No,No internet service,Month-to-month,No,Credit card,58.89,265.77,No
2680-WQDJC,Female,0,Yes,No,68,Yes,Yes,Fiber optic,No internet service,No,No,Yes,No internet service,No internet service,Month-to-month,No,Bank transfer,65.12,3785.99,No
3626-IOQEN,Male,0,No,No,6,Yes,Yes,Fiber optic,No internet service,No,Yes,No internet service,No internet service,Yes,Month-to-month,Yes,Bank transfer,114.62,592.67,Yes
2502-HOLAN,Female,0,No,No,47,Yes,Yes,DSL,No internet service,No,Yes,No internet service,No,Yes,One year,Yes,Credit card,33.64,1438.05,Yes
1872-MQLHM,Male,0,Yes,No,55,Yes,No,Fiber optic,No internet service,No internet service,No,Yes,No,No,One year,Yes,Mailed check,77.8,3722.33,No
2337-LHAKD,Male,0,No,Yes,40,Yes,Yes,DSL,Yes,No internet service,Yes,No internet service,No internet service,No internet service,Month-to-month,Yes,Mailed check,69.6,2603.41,Yes
6493-ZEEBJ,Male,0,No,No,52,Yes,Yes,Fiber optic,No,No,No internet service,Yes,Yes,No,Month-to-month,Yes,Bank transfer,80.37,3984.57,No
8740-WEYWP,Male,1,No,No,16,Yes,Yes,Fiber optic,Yes,No internet service,No internet service,No,Yes,Yes,One year,No,Credit card,19.85,308.1,No
8349-TACAI,Male,0,Yes,No,13,Yes,Yes,No,No,No internet service,No,Yes,Yes,No,Month-to-month,Yes,Mailed check,106.96,1223.65,Yes
4533-ERXTQ,Male,0,Yes,No,30,Yes,Yes,Fiber optic,Yes,No,Yes,Yes,No internet service,No,One year,No,Mailed check,113.08,2968.77,No
7934-DYJHJ,Male,0,Yes,No,19,No,No phone service,DSL,No internet service,No internet service,No internet service,No internet service,No internet service,Yes,One year,No,Mailed check,75.64,1244.13,Yes
2996-BHNUZ,Male,0,No,Yes,17,Yes,Yes,DSL,No internet service,Yes,No internet service,No,Yes,Yes,One year,Yes,Electronic check,89.06,1431.45,No
8489-CDPTR,Female,1,No,No,63,Yes,Yes,No,No,No internet service,No internet service,Yes,Yes,No internet service,One year,No,Credit card,112.09,6750.75,No
1269-UQSHW,Male,0,Yes,No,19,Yes,Yes,Fiber optic,No,Yes,No,No,No,No,Two year,Yes,Mailed check,90.14,1463.88,Yes
3352-JNATL,Female,0,Yes,No,58,Yes,Yes,Fiber optic,Yes,No,No,No,No internet service,Yes,Month-to-month,No,Electronic check,33.56,1927.86,Yes
4941-SNFVV,Male,0,Yes,No,55,Yes,Yes,DSL,No,No internet service,No internet service,No internet service,No internet service,Yes,One year,Yes,Credit card,76.78,3622.39,No
2402-QLCQR,Female,0,No,No,62,Yes,Yes,DSL,Yes,No,No internet service,Yes,Yes,No,One year,Yes,Mailed check,79.88,4611.8,No
9312-ZQRAM,Male,0,Yes,No,23,Yes,Yes,DSL,No,No,Yes,No internet service,Yes,Yes,Month-to-month,No,Bank transfer,61.26,1347.49,Yes
8702-BUMLI,Male,0,Yes,Yes,9,Yes,Yes,No,No,No,Yes,Yes,No internet service,No internet service,Month-to-month,Yes,Electronic check,93.12,821.86,Yes
1266-LZCLH,Male,0,No,Yes,12,Yes,Yes,Fiber optic,No,No,Yes,No,No,No internet service,Month-to-month,No,Electronic check,113.31,1301.41,Yes
2698-YSXYK,Female,0,No,Yes,1,Yes,Yes,No,No internet service,No,No,Yes,Yes,No,Month-to-month,Yes,Mailed check,112.41,109.07,Yes
3185-BLRKU,Female,1,No,No,58,No,No phone service,DSL,No internet service,No internet service,No internet service,Yes,No internet service,No internet service,One year,Yes,Mailed check,63.99,3343.68,No
3868-YVOWP,Female,0,Yes,Yes,1,Yes,No,Fiber optic,Yes,Yes,No,No,No internet service,Yes,Two year,Yes,Electronic check,29.55,28.73,Yes
3986-ZECWY,Female,0,No,No,34,Yes,No,Fiber optic,No,No internet service,No internet service,No,No,Yes,Month-to-month,No,Bank transfer,118.45,3471.6,Yes
8498-BJGBZ,Male,1,No,No,48,Yes,No,DSL,Yes,No internet service,Yes,Yes,No,Yes,Month-to-month,No,Bank transfer,103.57,4892.92,Yes
4268-BKJQM,Male,0,Yes,No,1,Yes,Yes,No,No,No internet service,Yes,No internet service,Yes,Yes,Two year,Yes,Credit card,30.72,28.64,No
9897-PIBYU,Male,0,No,No,16,No,No phone service,No,No internet service,No internet service,Yes,Yes,Yes,No,Month-to-month,No,Mailed check,111.93,1741.8,No
4131-JLYBU,Female,0,Yes,Yes,61,Yes,No,No,No internet service,Yes,Yes,No,Yes,No internet service,Month-to-month,Yes,Bank transfer,106.73,5975.68,Yes
6438-IDZLN,Male,0,Yes,No,64,Yes,Yes,Fiber optic,No,No internet service,No internet service,No internet service,No internet service,No internet service,One year,No,Credit card,70.92,4296.22,No
7553-XOMKF,Female,1,No,No,63,Yes,No,DSL,No,No,Yes,No,Yes,Yes,Month-to-month,No,Bank transfer,78.31,4583.05,No
9129-WPLZQ,Female,0,No,No,69,Yes,No,DSL,No internet service,No internet service,No internet service,No,No internet service,No,Month-to-month,Yes,Mailed check,58.7,3887.23,No
5369-ZCXNC,Female,1,No,No,22,Yes,Yes,No,No internet service,No internet service,No internet service,No internet service,Yes,Yes,Month-to-month,Yes,Credit card,23.59,447.49,No
8055-TFRJK,Female,0,No,No,67,Yes,Yes,DSL,Yes,Yes,No,No,No,Yes,Month-to-month,Yes,Credit card,52.19,3003.88,No
2680-CKVJJ,Female,0,No,No,26,Yes,Yes,Fiber optic,No internet service,Yes,Yes,No,No,No,One year,Yes,Credit card,99.89,2303.83,Yes
8305-TWNFW,Male,0,No,No,16,Yes,No,Fiber optic,No,No,Yes,No,No internet service,No,Month-to-month,Yes,Bank transfer,18.47,258.26,Yes
8272-LOBXL,Female,1,Yes,No,51,No,No phone service,Fiber optic,Yes,No internet service,No,No,No,Yes,Month-to-month,No,Mailed check,52.02,2602.0,Yes
8126-IUZBC,Female,1,Yes,No,57,Yes,Yes,No,No,No internet service,No internet service,No,No internet service,No internet service,One year,No,Credit card,58.61,2949.51,No
7655-LQZXV,Male,1,No,Yes,29,Yes,Yes,DSL,Yes,No internet service,Yes,No,No internet service,Yes,Two year,Yes,Electronic check,72.81,2103.85,No
3621-AETVZ,Female,0,Yes,No,69,Yes,No,DSL,No,No,No internet service,No,No,No internet service,Month-to-month,Yes,Mailed check,111.83,6948.77,No
8179-BECHY,Female,0,No,Yes,47,Yes,Yes,DSL,No internet service,Yes,No,No,No internet service,No internet service,Month-to-month,Yes,Electronic check,53.33,2199.01,No
7001-LMSBT,Male,1,Yes,No,62,No,No phone service,Fiber optic,No,No,No internet service,No,No,No,One year,No,Electronic check,53.39,3205.76,No
3513-VOLLO,Male,1,Yes,No,69,Yes,Yes,DSL,Yes,No internet service,Yes,Yes,Yes,No,Month-to-month,Yes,Credit card,93.23,6103.55,Yes
2259-SEQLM,Male,0,Yes,Yes,16,Yes,Yes,DSL,No,Yes,No internet service,Yes,Yes,Yes,Month-to-month,Yes,Credit card,64.13,948.85,No
6150-UIHDA,Female,0,No,No,48,Yes,No,No,Yes,Yes,No internet service,No,No,No internet service,One year,No,Bank transfer,40.91,1832.71,No
4048-PQMRD,Male,1,Yes,No,39,Yes,Yes,No,No,No,Yes,Yes,No,No internet service,Two year,No,Bank transfer,64.15,2396.47,Yes
5288-YIWOG,Male,0,No,No,33,Yes,Yes,DSL,No internet service,Yes,Yes,No internet service,No,Yes,Two year,No,Bank transfer,32.37,944.58,No
5678-WPGDE,Male,1,Yes,No,23,Yes,Yes,Fiber optic,No internet service,Yes,No internet service,Yes,No,Yes,One year,No,Mailed check,35.99,827.31,Yes
2213-OFWOC,Female,1,Yes,No,10,Yes,No,No,No,No internet service,No internet service,No,Yes,Yes,One year,Yes,Bank transfer,68.83,685.7,No
6236-VLWCR,Male,0,Yes,Yes,69,Yes,Yes,DSL,No,No internet service,No,No,No internet service,No,Month-to-month,No,Electronic check,60.73,3970.58,No
9882-JJFWW,Female,0,Yes,No,34,Yes,Yes,DSL,No,Yes,Yes,Yes,No internet service,Yes,One year,No,Bank transfer,111.31,3330.14,No
3852-ZLQHD,Female,1,Yes,Yes,52,Yes,Yes,DSL,Yes,Yes,No internet service,No,Yes,Yes,Month-to-month,Yes,Credit card,54.96,2720.84,No
4292-ZEHZP,Male,1,No,No,10,No,No phone service,Fiber optic,No,No,Yes,No internet service,No internet service,No internet service,Month-to-month,Yes,Bank transfer,77.22,664.73,Yes
1430-LRSLO,Female,1,No,Yes,19,Yes,Yes,DSL,No,No,No,No internet service,Yes,Yes,One year,Yes,Mailed check,82.49,1339.42,No
3126-TCCJM,Female,0,Yes,No,58,Yes,Yes,No,Yes,Yes,No internet service,No,No internet service,No internet service,One year,No,Mailed check,19.34,996.82,No
8842-QNYNS,Male,1,Yes,No,1,Yes,No,Fiber optic,No internet service,No internet service,No internet service,No internet service,No,No internet service,Month-to-month,Yes,Electronic check,85.68,78.77,Yes
2208-EKUCO,Female,1,Yes,Yes,69,Yes,No,Fiber optic,No,Yes,No internet service,No internet service,No,No,Two year,No,Mailed check,36.16,2445.74,No
8632-VQLEY,Male,0,Yes,No,4,Yes,Yes,DSL,No,Yes,Yes,Yes,No,Yes,Month-to-month,No,Bank transfer,116.03,445.13,No
3981-YENQB,Female,0,No,No,16,No,No phone service,Fiber optic,No internet service,No internet service,No,No internet service,Yes,Yes,Month-to-month,No,Credit card,33.16,510.08,No
3034-QEJFF,Female,0,Yes,No,24,Yes,No,Fiber optic,No internet service,No internet service,Yes,Yes,Yes,No internet service,Month-to-month,Yes,Mailed check,60.29,1322.27,Yes
6286-WHLQJ,Male,0,No,No,2,Yes,Yes,Fiber optic,Yes,No,No internet service,No,No internet service,No,One year,No,Electronic check,26.71,48.18,No
2292-IGURI,Male,0,Yes,No,32,Yes,No,Fiber optic,No,No,No,Yes,No internet service,No,One year,Yes,Bank transfer,119.68,3468.44,No
3050-UJTRC,Female,0,No,No,24,Yes,No,Fiber optic,No,No,No internet service,No,No internet service,Yes,Month-to-month,Yes,Electronic check,69.22,1658.2,No
9234-UFSSE,Female,1,Yes,Yes,12,Yes,No,No,Yes,No,No internet service,No,Yes,No internet service,One year,Yes,Mailed check,78.73,808.73,Yes
3804-VTXTK,Male,0,Yes,Yes,50,Yes,No,No,No internet service,No internet service,Yes,No,No internet service,Yes,Month-to-month,No,Mailed check,24.84,1217.23,No
1674-ACBUY,Female,1,No,No,35,Yes,No,Fiber optic,Yes,Yes,No internet service,No,No,Yes,One year,No,Electronic check,94.5,3098.47,No
5336-UGYSN,Female,0,Yes,No,33,Yes,No,DSL,No internet service,No,No,No,No internet service,Yes,Month-to-month,No,Bank transfer,39.41,1191.02,Yes
1496-PURJU,Female,0,Yes,No,33,Yes,No,DSL,Yes,No,No internet service,Yes,No,Yes,Month-to-month,Yes,Mailed check,109.6,3467.75,Yes
5949-PHZZV,Female,0,Yes,No,61,Yes,No,DSL,No internet service,No internet service,No internet service,No,Yes,No internet service,Two year,No,Credit card,38.92,2191.31,No
7653-JOCWB,Male,0,No,No,51,Yes,Yes,Fiber optic,Yes,No internet service,Yes,No internet service,No,No,Month-to-month,No,Mailed check,37.45,1873.69,No
3589-ONPOG,Male,0,Yes,No,43,Yes,Yes,Fiber optic,No internet service,Yes,No,No internet service,No,Yes,Month-to-month,No,Bank transfer,21.73,920.47,No
6573-TEKWK,Male,0,Yes,No,12,Yes,No,Fiber optic,No internet service,Yes,Yes,No,No,Yes,One year,No,Mailed check,66.15,724.94,No
6658-MEYLQ,Male,0,No,No,67,Yes,No,No,No internet service,No internet service,No internet service,No internet service,Yes,Yes,Two year,No,Electronic check,75.61,4516.35,No
2739-KHODI,Male,0,No,No,65,Yes,Yes,No,No internet service,No,Yes,Yes,Yes,Yes,Month-to-month,Yes,Mailed check,24.7,1507.33,No
8366-HEDBJ,Male,1,No,No,33,Yes,No,No,No internet service,No,Yes,Yes,Yes,No,Month-to-month,Yes,Mailed check,97.1,3162.18,Yes
7293-TNHFK,Female,0,Yes,No,40,Yes,No,DSL,No,No,Yes,No,Yes,No,Month-to-month,Yes,Bank transfer,64.24,2265.36,Yes
6123-GYFPQ,Male,1,Yes,No,43,Yes,Yes,Fiber optic,No internet service,Yes,Yes,No,No internet service,No,Month-to-month,Yes,Electronic check,71.49,2900.22,No
8648-PJPAC,Female,0,Yes,Yes,44,Yes,Yes,DSL,No,No,No internet service,No,Yes,No,Month-to-month,No,Bank transfer,62.96,2617.14,Yes
7442-QOHGS,Female,1,No,Yes,29,Yes,Yes,DSL,No internet service,No,No internet service,No internet service,No,Yes,One year,Yes,Mailed check,58.88,1639.16,No
6781-BBJPT,Female,0,Yes,No,13,No,No phone service,DSL,No,No internet service,No,No internet service,Yes,No internet service,Two year,No,Credit card,75.08,848.9,No
8710-JRADN,Male,1,Yes,No,12,Yes,No,DSL,No,No,Yes,Yes,No internet service,No,Month-to-month,Yes,Mailed check,33.83,388.66,Yes
3194-IXLYM,Female,0,No,No,46,Yes,Yes,Fiber optic,Yes,No internet service,Yes,No internet service,No internet service,No,Month-to-month,Yes,Bank transfer,36.56,1658.81,Yes
6995-BMBSR,Male,0,No,No,2,Yes,Yes,No,No internet service,No,No,Yes,No internet service,Yes,Month-to-month,Yes,Credit card,105.9,185.74,Yes
4189-LRJCM,Female,0,No,Yes,35,Yes,No,DSL,Yes,Yes,Yes,No internet service,No,Yes,Month-to-month,No,Bank transfer,114.5,3549.17,Yes
9261-OYRIT,Female,0,No,No,8,Yes,Yes,Fiber optic,Yes,No,No,Yes,Yes,Yes,Two year,No,Bank transfer,56.08,446.72,No
2946-EDMLZ,Male,0,No,No,26,Yes,No,Fiber optic,No internet service,No,No internet service,No,Yes,Yes,Month-to-month,Yes,Electronic check,45.62,1040.4,No
6555-RLYEG,Female,0,Yes,No,34,Yes,No,DSL,Yes,No internet service,No,No internet service,Yes,No internet service,Month-to-month,No,Credit card,83.69,2783.31,No
9341-MQBBB,Female,0,No,No,7,Yes,Yes,Fiber optic,No internet service,No internet service,Yes,Yes,No,No internet service,One year,Yes,Mailed check,59.69,386.01,Yes
3245-WKZPQ,Female,0,Yes,No,68,Yes,Yes,DSL,Yes,No internet service,No,No internet service,No,No,Month-to-month,Yes,Bank transfer,20.59,1242.02,No
8487-ETQEK,Female,1,Yes,Yes,58,Yes,No,Fiber optic,No internet service,No,No internet service,No,No internet service,No internet service,One year,Yes,Mailed check,33.93,1929.79,No
6218-FMTXJ,Male,0,No,No,29,Yes,Yes,Fiber optic,No internet service,No,Yes,Yes,No internet service,No,Month-to-month,No,Electronic check,91.03,2420.22,No
6511-QQRPW,Female,0,No,No,36,Yes,Yes,DSL,No internet service,Yes,No internet service,No internet service,Yes,No,Two year,Yes,Electronic check,85.21,2844.31,Yes
5911-PALKV,Female,0,No,No,21,Yes,Yes,DSL,No,No,No internet service,No internet service,No,No internet service,Two year,Yes,Credit card,20.76,394.06,No
2795-NSJZX,Male,0,Yes,No,36,Yes,Yes,Fiber optic,Yes,Yes,No,No,No,No,One year,Yes,Electronic check,40.64,1373.71,No
1436-TPIUZ,Female,0,No,Yes,10,Yes,No,No,No,No internet service,No internet service,No,Yes,Yes,Two year,No,Electronic check,41.57,363.54,No
4728-XBSPF,Female,1,No,Yes,24,Yes,No,DSL,Yes,No internet service,Yes,Yes,Yes,No,Month-to-month,Yes,Mailed check,86.53,1887.04,No
9589-UXTYM,Female,0,No,No,64,Yes,No,Fiber optic,Yes,No internet service,No internet service,No internet service,No internet service,Yes,Month-to-month,No,Electronic check,20.01,1274.76,No
3421-VHBSW,Female,0,No,No,49,Yes,No,Fiber optic,Yes,Yes,No internet service,No internet service,No internet service,No internet service,One year,Yes,Electronic check,28.62,1246.32,No
2800-GAOKN,Male,0,No,Yes,36,Yes,Yes,No,No,No,No,No,No internet service,No internet service,One year,No,Bank transfer,99.59,3400.64,Yes
3481-NWGNQ,Female,0,Yes,Yes,24,No,No phone service,No,Yes,No internet service,No internet service,No,Yes,No,Month-to-month,Yes,Electronic check,36.21,781.07,No
8726-XXBWE,Male,0,Yes,No,23,Yes,No,Fiber optic,No,No,No,Yes,Yes,Yes,Month-to-month,Yes,Bank transfer,84.58,1879.24,Yes
9498-GRKVP,Female,0,Yes,Yes,62,Yes,No,Fiber optic,No internet service,No,No,No internet service,No internet service,No,Month-to-month,No,Electronic check,42.29,2280.16,No
9609-MKFOR,Female,0,No,No,37,Yes,Yes,No,Yes,No internet service,Yes,No internet service,No internet service,No internet service,Month-to-month,No,Electronic check,28.14,1036.47,Yes
6608-RLVYX,Female,1,No,No,12,Yes,No,Fiber optic,Yes,Yes,Yes,Yes,No,No,Month-to-month,Yes,Credit card,42.8,471.52,Yes
5331-TPGHI,Male,0,No,No,55,Yes,No,DSL,No internet service,No,Yes,Yes,No,No,One year,No,Credit card,91.67,4464.09,Yes
5890-HJYJW,Female,1,Yes,Yes,13,Yes,Yes,DSL,No internet service,No internet service,Yes,No,No internet service,Yes,Month-to-month,Yes,Bank transfer,105.28,1178.43,No
4396-WWPKP,Female,0,No,Yes,23,Yes,No,No,Yes,No,No,No,No internet service,No internet service,Month-to-month,Yes,Electronic check,102.68,2067.53,No
6714-RZXIJ,Male,0,No,No,30,Yes,Yes,No,No internet service,No,No internet service,Yes,No,No,One year,Yes,Mailed check,58.51,1628.86,Yes
2996-SVRMM,Male,1,No,No,17,Yes,Yes,DSL,No,No,Yes,Yes,No internet service,Yes,One year,No,Credit card,86.14,1318.75,Yes
6654-YZEJB,Male,1,Yes,No,62,Yes,No,Fiber optic,No,No,Yes,No internet service,No,No,Two year,Yes,Mailed check,38.91,2350.5,No
5712-WCLOU,Male,0,No,Yes,13,No,No phone service,Fiber optic,Yes,No,Yes,Yes,No,Yes,One year,No,Credit card,47.9,569.54,No
5201-XPGGR,Female,0,Yes,No,59,Yes,No,DSL,No,Yes,No internet service,Yes,No,Yes,Month-to-month,Yes,Credit card,109.43,5728.78,No
5442-RWIED,Female,0,No,No,19,Yes,Yes,No,No,Yes,Yes,No internet service,Yes,No,Two year,No,Electronic check,19.33,346.18,No
4920-HBVQH,Female,1,Yes,No,49,Yes,No,DSL,Yes,No internet service,No internet service,Yes,Yes,No internet service,Month-to-month,No,Credit card,26.72,1251.69,Yes
4814-BDNKW,Female,0,Yes,No,12,No,No phone service,DSL,No internet service,Yes,No,No,No internet service,No internet service,Month-to-month,Yes,Mailed check,39.2,411.63,No
8739-DVYEA,Male,0,Yes,No,61,Yes,No,Fiber optic,Yes,Yes,No,No,No,Yes,One year,No,Credit card,20.71,1105.58,No
3587-NUPPU,Female,0,No,No,19,Yes,Yes,Fiber optic,No,Yes,No,No internet service,Yes,No internet service,Two year,Yes,Bank transfer,36.51,593.45,No
4267-YJKJU,Female,1,No,Yes,9,Yes,Yes,DSL,Yes,No,No internet service,Yes,No internet service,Yes,Month-to-month,Yes,Electronic check,77.47,669.66,No
1969-YCUSH,Female,0,Yes,No,71,Yes,No,Fiber optic,Yes,No,Yes,No,No internet service,No internet service,Month-to-month,Yes,Electronic check,60.99,4111.92,Yes
9767-XXBFN,Female,1,Yes,Yes,28,Yes,Yes,Fiber optic,No,No internet service,Yes,No,No internet service,No,Month-to-month,Yes,Bank transfer,109.05,2812.78,Yes
3880-BMZPF,Male,0,No,No,52,Yes,No,DSL,No,No internet service,Yes,No,No internet service,No internet service,Month-to-month,Yes,Bank transfer,101.38,5148.54,Yes
5742-BAJST,Female,0,No,No,16,Yes,No,DSL,Yes,No internet service,Yes,No,No internet service,Yes,Month-to-month,No,Bank transfer,52.87,821.26,Yes
2758-KJOUR,Female,0,Yes,Yes,69,Yes,Yes,Fiber optic,No,No,Yes,Yes,No,Yes,One year,Yes,Credit card,44.46,2876.94,No
9590-PEQOI,Female,0,No,No,12,Yes,No,DSL,No,Yes,No internet service,Yes,No internet service,No internet service,Month-to-month,No,Electronic check,56.73,667.31,Yes
4159-ZDKFX,Male,0,No,Yes,25,Yes,Yes,No,No,Yes,No,Yes,No,No,Two year,No,Bank transfer,78.21,1722.33,No
8518-UIWFA,Male,0,No,No,52,Yes,No,No,No,No,Yes,Yes,Yes,Yes,One year,Yes,Credit card,45.34,2043.61,No
6523-ZJSVY,Female,0,No,No,53,Yes,Yes,No,No,No internet service,No,No,No internet service,Yes,One year,No,Bank transfer,81.66,3853.9,No
4164-FTUMN,Female,0,Yes,Yes,23,Yes,No,DSL,No,No internet service,No internet service,No internet service,Yes,Yes,Two year,Yes,Mailed check,59.76,1180.08,No
9442-KCMVD,Female,0,No,No,16,No,No phone service,No,No internet service,No internet service,No internet service,No internet service,No,Yes,Month-to-month,No,Mailed check,74.31,1105.35,No
4027-EPKHA,Male,0,No,No,57,Yes,Yes,Fiber optic,Yes,No,Yes,No,No,Yes,Month-to-month,No,Electronic check,62.48,3527.49,Yes
5272-MHOYI,Female,1,Yes,Yes,39,Yes,No,DSL,No,No internet service,No internet service,No,Yes,No,One year,No,Credit card,48.04,1603.58,No
6400-JSXSA,Female,1,Yes,Yes,53,Yes,No,DSL,Yes,No internet service,No,No internet service,No internet service,No internet service,Two year,Yes,Mailed check,114.74,5280.42,No
5285-ULWHB,Female,0,No,No,42,No,No phone service,DSL,No internet service,No,Yes,No internet service,No internet service,No,One year,No,Mailed check,95.89,3696.45,No
2936-OJFMV,Male,0,No,No,58,Yes,No,Fiber optic,No,Yes,Yes,No,Yes,No,Month-to-month,Yes,Credit card,32.29,1854.24,Yes
9233-WYJWD,Female,0,No,No,39,Yes,Yes,Fiber optic,Yes,No,No,No,Yes,Yes,Two year,No,Bank transfer,106.58,3730.25,No
5833-LTHHE,Female,0,No,Yes,14,Yes,No,DSL,No,No,Yes,Yes,Yes,No,Month-to-month,No,Credit card,67.72,878.0,Yes
8834-EOXTL,Male,0,Yes,Yes,5,Yes,Yes,Fiber optic,No,No,Yes,Yes,No internet service,Yes,Two year,No,Bank transfer,109.24,467.68,Yes
7813-WRPYR,Male,0,Yes,No,35,Yes,No,DSL,No,No,No,No internet service,No internet service,No,Two year,No,Mailed check,99.59,3040.36,No
4578-YHVYT,Female,0,Yes,Yes,18,Yes,No,Fiber optic,No,Yes,Yes,No,No internet service,Yes,Month-to-month,Yes,Mailed check,61.37,1102.44,Yes
2341-QOQWL,Male,0,No,Yes,9,Yes,No,Fiber optic,No,No internet service,Yes,No internet service,Yes,Yes,One year,Yes,Mailed check,20.29,181.65,No
2279-SDBRQ,Female,0,No,Yes,58,No,No phone service,No,No,No,No,Yes,No internet service,No,Month-to-month,No,Electronic check,45.41,2240.66,No
4312-SREFK,Male,0,No,No,17,Yes,Yes,No,No,Yes,No internet service,Yes,No,No,Month-to-month,No,Electronic check,73.25,1236.25,No
9525-ODVGW,Male,0,No,No,7,Yes,Yes,Fiber optic,No internet service,No internet service,No,No internet service,Yes,No internet service,Month-to-month,Yes,Electronic check,82.61,546.97,No
9008-CQOZB,Female,0,Yes,No,46,Yes,Yes,Fiber optic,No internet service,No internet service,Yes,Yes,No internet service,No internet service,One year,Yes,Credit card,44.3,1997.43,No
8429-EQNOS,Female,0,Yes,No,13,Yes,No,Fiber optic,No,No internet service,No,No,Yes,No internet service,Two year,Yes,Mailed check,32.21,384.48,Yes
1945-ROVZJ,Female,0,No,No,40,Yes,No,No,No,No,Yes,No internet service,No,No,One year,Yes,Mailed check,103.16,3826.57,No
1356-MIAXG,Male,0,Yes,No,42,Yes,Yes,DSL,No internet service,No,Yes,No,No,No,Month-to-month,No,Credit card,118.41,4591.91,No
2196-BNLWC,Female,0,No,Yes,9,Yes,Yes,DSL,No internet service,No internet service,No,No,Yes,Yes,Two year,No,Electronic check,71.62,612.37,No
9866-BCPBJ,Female,0,No,No,50,Yes,Yes,DSL,No internet service,No internet service,Yes,Yes,Yes,No internet service,Two year,Yes,Credit card,35.51,1546.37,No
7698-FYEYU,Female,1,Yes,No,27,No,No phone service,Fiber optic,No,No internet service,No internet service,No,No,Yes,Month-to-month,Yes,Electronic check,45.78,1056.21,No
7887-LMOMM,Female,0,No,No,66,Yes,Yes,Fiber optic,Yes,No internet service,Yes,No internet service,Yes,Yes,Two year,Yes,Mailed check,19.88,1175.87,No
2314-VVREU,Female,0,No,No,5,Yes,Yes,No,Yes,No internet service,No,No,No,Yes,Month-to-month,Yes,Bank transfer,111.26,531.66,No
6697-DFRMQ,Male,0,Yes,No,29,No,No phone service,DSL,Yes,No internet service,No internet service,No,No,Yes,Two year,Yes,Electronic check,30.01,766.1,No
3086-XHAYA,Female,0,No,Yes,37,Yes,No,Fiber optic,Yes,Yes,No internet service,No,No internet service,No internet service,Month-to-month,Yes,Mailed check,76.8,2702.4,Yes
5888-OVXRN,Female,1,No,No,38,Yes,Yes,No,No,No internet service,Yes,No,Yes,Yes,Month-to-month,No,Mailed check,45.95,1738.22,Yes
9715-MHHOL,Male,1,Yes,No,8,Yes,No,No,Yes,No,No,No,Yes,No,Month-to-month,No,Bank transfer,74.53,515.2,No
3541-IGXYD,Female,0,No,No,65,Yes,Yes,Fiber optic,No internet service,No,Yes,Yes,No internet service,No,One year,No,Mailed check,84.44,5219.06,No
1527-ZVNTY,Female,0,Yes,No,17,Yes,No,Fiber optic,No internet service,No,Yes,No internet service,No,No,Month-to-month,Yes,Mailed check,102.63,1599.14,Yes
1256-HGCDT,Female,0,No,No,71,Yes,Yes,DSL,Yes,No internet service,No,Yes,Yes,No internet service,Month-to-month,Yes,Electronic check,39.05,2717.71,Yes
1550-OTVWB,Female,0,Yes,Yes,45,Yes,Yes,No,No internet service,No,No,No internet service,No internet service,Yes,One year,Yes,Electronic check,19.12,754.2,No
5009-XBMOH,Female,0,Yes,No,4,Yes,Yes,DSL,No,Yes,Yes,No internet service,No internet service,No internet service,Two year,No,Bank transfer,31.96,121.95,No
9843-GYYBE,Male,0,Yes,Yes,36,Yes,Yes,No,Yes,No internet service,No internet service,No internet service,Yes,Yes,Month-to-month,Yes,Bank transfer,109.8,3856.83,No